1,ttanaka,tarou,,東京都足立区1-2-3,0000-2222-4444,teat@tewaawg,,,1,ああああああああああああああああああああああああああああああああああああああああああああああああああああああああああああああああああああああああああああああああああああああああああああああああああああああああああああああああああああああああああああああああああああああああああああああああああああああああああああああああああああああvv
2,tesa,teat,,,000-0000-0000,teas@gawprm,,,1,
3,tesa,teat,,,000-0000-0000,teas@gawprm,,,1,
4,tesa,teat,,,000-0000-0000,teas@gawprm,,,1,
5,tesa,teat,,,000-0000-0000,teas@gawprm,,,1,
6,tesa,teat,,,000-0000-0000,teas@gawprm,,,1,
7,tesa,teat,,,000-0000-0000,teas@gawprm,,,1,
8,tesa,teat,,,000-0000-0000,teas@gawprm,,,1,
9,tesa,teat,,,000-0000-0000,teas@gawprm,,,1,
10,tesa,teat,,,000-0000-0000,teas@gawprm,,,1,
11,tesa,teat,,,000-0000-0000,teas@gawprm,,,1,
12,tesa,teat,,,000-0000-0000,teas@gawprm,,,1,
13,tesa,teat,,,000-0000-0000,teas@gawprm,,,1,
14,tesa,teat,,,000-0000-0000,teas@gawprm,,,1,
15,tesa,teat,,,000-0000-0000,teas@gawprm,,,1,
16,tesa,teat,,,000-0000-0000,teas@gawprm,,,1,
17,tesa,teat,,,000-0000-0000,teas@gawprm,,,1,
18,tesa,teat,,,000-0000-0000,teas@gawprm,,,1,
19,tesa,teat,,,000-0000-0000,teas@gawprm,,,1,
20,tesa,teat,,,000-0000-0000,teas@gawprm,,,1,
21,tesa,teat,,,000-0000-0000,teas@gawprm,,,1,
22,tesa,teat,,,000-0000-0000,teas@gawprm,,,1,
23,tesa,teat,,,000-0000-0000,teas@gawprm,,,1,
24,tesa,teat,,,000-0000-0000,teas@gawprm,,,1,
25,tesa,teat,,,000-0000-0000,teas@gawprm,,,1,
26,tesa,teat,,,000-0000-0000,teas@gawprm,,,1,
27,tesa,teat,,,000-0000-0000,teas@gawprm,,,1,
28,tesa,teat,,,000-0000-0000,teas@gawprm,,,1,
29,tesat,tewat,,,000-1111-2222,rwagw@grag,雑誌,,1,gewag
30,teat,tweawg,その他,gw,213-431-3415,grawg@grwa h,雑誌,新聞,1,
31,tea,tewagwa,男性,toukyou  adatiku   fnweaob,0000-2144-314,tesat@r13nrioa,,,1,gewagbnio@<\>
32,test,test,男性,teag,413-1111-1123,wrag@grwag,,,1, jfeiwoah fwiao  jiogwa  io@<\>giwa <\>
33,てさｔ,テワ,女性,wtew,4190-314-431,greno@wrジオ,雑誌,新聞,1,<script>alert('Js');</script>
34,てさｔ,テワ,女性,wtew,4190-314-431,greno@wrジオ,雑誌,新聞,1,<script>alert('Js');</script>
35,てさｔ,テワ,女性,wtew,4190-314-431,greno@wrジオ,雑誌,新聞,1,<script>alert('Js');</script>
